Domain,Ligand,Replica,Frame,dG_bind
JH1,227,1,000,-27.20398848000024
JH1,227,1,001,-32.46286447999978
JH1,227,1,002,-35.403718080000154
JH1,227,1,003,-32.841907919999635
JH1,227,1,004,-31.809969599999903
JH1,227,1,005,-35.72411112000045
JH1,227,1,006,-33.1389623199997
JH1,227,1,007,-35.22660567999982
JH1,227,1,008,-29.410383040000028
JH1,227,1,009,-30.302722639999786
JH1,227,1,010,-31.7555360800001
JH1,227,1,011,-31.45507496000053
JH1,227,1,012,-27.45731976000033
JH1,227,1,013,-36.28464975999999
JH1,227,1,014,-32.98764144000025
JH1,227,1,015,-35.388966319999824
JH1,227,1,016,-32.68627112000019
JH1,227,1,017,-33.8430038400001
JH1,227,1,018,-34.20701264000021
JH1,227,1,019,-33.57137767999994
JH1,227,1,020,-32.83604231999957
JH1,227,1,021,-33.23152615999991
JH1,227,1,022,-35.074234800000035
JH1,227,1,023,-39.770266239999984
JH1,227,1,024,-35.47473271999998
JH1,227,1,025,-33.75222287999972
JH1,227,1,026,-36.65929599999993
JH1,227,1,027,-35.05076352000006
JH1,227,1,028,-34.4175304800003
JH1,227,1,029,-35.912246560000256
JH1,227,1,030,-40.1196160000004
JH1,227,1,031,-38.015186400000474
JH1,227,1,032,-33.58840015999973
JH1,227,1,033,-36.87670360000014
JH1,227,1,034,-35.92312360000024
JH1,227,1,035,-33.98506040000039
JH1,227,1,036,-37.26243720000021
JH1,227,1,037,-35.22071576000001
JH1,227,1,038,-37.588870480000566
JH1,227,1,039,-36.030558800000136
JH1,227,1,040,-36.436820240000095
JH1,227,1,041,-35.64852615999982
JH1,227,1,042,-30.625795200000347
JH1,227,1,043,-37.52032607999992
JH1,227,1,044,-35.73641720000031
JH1,227,1,045,-36.63375944000002
JH1,227,1,046,-36.17603431999976
JH1,227,1,047,-34.15564087999992
JH1,227,1,048,-36.81815455999989
JH1,227,1,049,-31.442239120000288
JH1,227,1,050,-33.833242799999795
JH1,227,1,051,-39.329605199999925
JH1,227,1,052,-36.49584159999995
JH1,227,1,053,-41.32668272000009
JH1,227,1,054,-36.15871471999996
JH1,227,1,055,-35.39228960000001
JH1,227,1,056,-38.344639920000205
JH1,227,1,057,-36.3652436
JH1,227,1,058,-40.76332263999996
JH1,227,1,059,-34.760793200000066
JH1,227,1,060,-30.846887999999772
JH1,227,1,061,-34.05325952000014
JH1,227,1,062,-34.93760664000004
JH1,227,1,063,-36.64877695999984
JH1,227,1,064,-31.74120576000013
JH1,227,1,065,-35.505841199999786
JH1,227,1,066,-39.846048159999526
JH1,227,1,067,-37.65972848000025
JH1,227,1,068,-35.995078719999924
JH1,227,1,069,-35.747100560000035
JH1,227,1,070,-36.60811144000013
JH1,227,1,071,-38.37306103999973
JH1,227,1,072,-34.964096720000015
JH1,227,1,073,-37.93837664000016
JH1,227,1,074,-33.0935761600002
JH1,227,1,075,-33.77445288000035
JH1,227,1,076,-37.86097400000015
JH1,227,1,077,-34.799472640000005
JH1,227,1,078,-34.42842200000009
JH1,227,1,079,-41.73050376000028
JH1,227,1,080,-36.15124776000059
JH1,227,1,081,-41.116899760000166
JH1,227,1,082,-37.5374472799998
JH1,227,1,083,-35.08551055999987
JH1,227,1,084,-33.05947447999995
JH1,227,1,085,-34.804995679999756
JH1,227,1,086,-34.49379288000004
JH1,227,1,087,-35.435484959999854
JH1,227,1,088,-36.17904591999951
JH1,227,1,089,-36.57021968000014
JH1,227,1,090,-34.2357287199997
JH1,227,1,091,-37.8233429599995
JH1,227,1,092,-38.15871952000023
JH1,227,1,093,-31.314189840000104
JH1,227,1,094,-35.64930976000001
JH1,227,1,095,-35.02640895999997
JH1,227,1,096,-33.53124584000042
JH1,227,1,097,-35.411051519999944
JH1,227,1,098,-33.980606799999805
JH1,227,1,099,-38.72617728000011
JH1,227,2,000,-36.668125519999776
JH1,227,2,001,-34.31946800000004
JH1,227,2,002,-28.87674352000001
JH1,227,2,003,-35.73495999999996
JH1,227,2,004,-34.83283048000027
JH1,227,2,005,-32.00303624000033
JH1,227,2,006,-33.57213384000001
JH1,227,2,007,-31.696484160000473
JH1,227,2,008,-30.62460967999996
JH1,227,2,009,-32.59089191999969
JH1,227,2,010,-33.82604000000063
JH1,227,2,011,-33.95715455999987
JH1,227,2,012,-37.66669919999986
JH1,227,2,013,-33.745870480000235
JH1,227,2,014,-35.83465912000067
JH1,227,2,015,-31.697608719999586
JH1,227,2,016,-32.67182519999965
JH1,227,2,017,-32.98632679999997
JH1,227,2,018,-29.910523440000375
JH1,227,2,019,-29.96081224000008
JH1,227,2,020,-32.2254495199994
JH1,227,2,021,-32.29360808000023
JH1,227,2,022,-35.47325792000022
JH1,227,2,023,-34.11942576000015
JH1,227,2,024,-36.83127215999989
JH1,227,2,025,-35.30300471999974
JH1,227,2,026,-32.17116104000016
JH1,227,2,027,-31.222582000000102
JH1,227,2,028,-34.196343760000296
JH1,227,2,029,-35.21427696000019
JH1,227,2,030,-36.88247056000017
JH1,227,2,031,-33.04834680000039
JH1,227,2,032,-35.96876991999996
JH1,227,2,033,-35.27888799999957
JH1,227,2,034,-34.640101920000276
JH1,227,2,035,-35.74196352000047
JH1,227,2,036,-36.245195039999814
JH1,227,2,037,-32.245631280000325
JH1,227,2,038,-24.50539032000041
JH1,227,2,039,-33.077725039999635
JH1,227,2,040,-33.46708272000008
JH1,227,2,041,-31.511268479999853
JH1,227,2,042,-34.16468848000057
JH1,227,2,043,-32.49388160000035
JH1,227,2,044,-28.70021263999972
JH1,227,2,045,-32.12064312000011
JH1,227,2,046,-28.236126799999667
JH1,227,2,047,-28.391281119999466
JH1,227,2,048,-36.32418015999961
JH1,227,2,049,-30.931945280000125
JH1,227,2,050,-31.184437520000223
JH1,227,2,051,-30.53353040000023
JH1,227,2,052,-34.974466079999836
JH1,227,2,053,-31.214323200000354
JH1,227,2,054,-29.44019776000041
JH1,227,2,055,-28.826676719999945
JH1,227,2,056,-27.917042719999948
JH1,227,2,057,-29.244375919999783
JH1,227,2,058,-31.16559072000026
JH1,227,2,059,-37.25033648000073
JH1,227,2,060,-34.25474040000005
JH1,227,2,061,-35.08145184000006
JH1,227,2,062,-31.027245919999892
JH1,227,2,063,-30.500068480000355
JH1,227,2,064,-27.4890532799998
JH1,227,2,065,-33.88327807999966
JH1,227,2,066,-29.225166799999982
JH1,227,2,067,-31.97611864000021
JH1,227,2,068,-29.202391280000086
JH1,227,2,069,-31.55796271999947
JH1,227,2,070,-29.147924480000693
JH1,227,2,071,-32.675523040000094
JH1,227,2,072,-28.9054102399996
JH1,227,2,073,-34.1730168799997
JH1,227,2,074,-35.31827287999988
JH1,227,2,075,-27.399041359999988
JH1,227,2,076,-34.525848639999424
JH1,227,2,077,-33.89164815999963
JH1,227,2,078,-28.908917999999936
JH1,227,2,079,-35.41256263999987
JH1,227,2,080,-37.28506095999968
JH1,227,2,081,-30.662466239999695
JH1,227,2,082,-31.919278080000474
JH1,227,2,083,-30.86046703999999
JH1,227,2,084,-29.72539967999976
JH1,227,2,085,-30.69691576000005
JH1,227,2,086,-29.78939576000001
JH1,227,2,087,-37.00574960000033
JH1,227,2,088,-33.969330000000106
JH1,227,2,089,-32.818484639999944
JH1,227,2,090,-31.840066959999966
JH1,227,2,091,-30.742966079999803
JH1,227,2,092,-26.849007439999763
JH1,227,2,093,-28.443012800000414
JH1,227,2,094,-30.26668871999971
JH1,227,2,095,-32.981439679999895
JH1,227,2,096,-31.153677680000165
JH1,227,2,097,-34.86103184000061
JH1,227,2,098,-35.40954208000023
JH1,227,2,099,-32.33299072000029
JH1,227,3,000,-26.956591039999633
JH1,227,3,001,-34.415387760000314
JH1,227,3,002,-35.66311008000029
JH1,227,3,003,-35.24343039999993
JH1,227,3,004,-31.92307599999993
JH1,227,3,005,-29.854495280000098
JH1,227,3,006,-32.95786135999985
JH1,227,3,007,-39.33509336000003
JH1,227,3,008,-30.803716879999847
JH1,227,3,009,-28.555243360000105
JH1,227,3,010,-33.09670583999977
JH1,227,3,011,-28.694726960000217
JH1,227,3,012,-32.876319360000046
JH1,227,3,013,-29.67763104000013
JH1,227,3,014,-36.64129200000036
JH1,227,3,015,-32.76120136000003
JH1,227,3,016,-35.510157199999774
JH1,227,3,017,-32.57688200000049
JH1,227,3,018,-37.556365919999955
JH1,227,3,019,-35.7678703999999
JH1,227,3,020,-35.91457760000028
JH1,227,3,021,-33.20520783999944
JH1,227,3,022,-37.48128391999975
JH1,227,3,023,-34.26366656000036
JH1,227,3,024,-36.06592776000007
JH1,227,3,025,-34.78549248000003
JH1,227,3,026,-33.412137359999804
JH1,227,3,027,-36.03301095999994
JH1,227,3,028,-31.958418879999595
JH1,227,3,029,-32.04066776000011
JH1,227,3,030,-32.38162824000022
JH1,227,3,031,-34.35728239999999
JH1,227,3,032,-35.1234064799997
JH1,227,3,033,-34.393905839999505
JH1,227,3,034,-35.826316640000485
JH1,227,3,035,-40.74433736000009
JH1,227,3,036,-40.97726208000016
JH1,227,3,037,-34.5284307200001
JH1,227,3,038,-37.276119119999954
JH1,227,3,039,-36.71026447999957
JH1,227,3,040,-37.85594167999989
JH1,227,3,041,-34.9468998399994
JH1,227,3,042,-36.3132276800001
JH1,227,3,043,-38.659421600000044
JH1,227,3,044,-34.32970695999972
JH1,227,3,045,-35.851287839999785
JH1,227,3,046,-40.9169687199998
JH1,227,3,047,-32.23983183999983
JH1,227,3,048,-33.90898888000008
JH1,227,3,049,-30.193707680000024
JH1,227,3,050,-37.5350836000001
JH1,227,3,051,-34.63291359999974
JH1,227,3,052,-36.638830319999954
JH1,227,3,053,-36.8404816800001
JH1,227,3,054,-34.714050000000206
JH1,227,3,055,-33.1234043999998
JH1,227,3,056,-32.329746560000046
JH1,227,3,057,-36.84156359999974
JH1,227,3,058,-35.194931039999894
JH1,227,3,059,-35.33382727999963
JH1,227,3,060,-33.441477440000405
JH1,227,3,061,-36.74805767999973
JH1,227,3,062,-34.579553199999715
JH1,227,3,063,-34.69587119999977
JH1,227,3,064,-35.64811168
JH1,227,3,065,-35.65187128000021
JH1,227,3,066,-34.4606982400001
JH1,227,3,067,-32.354081919999885
JH1,227,3,068,-38.771416159999674
JH1,227,3,069,-35.74974087999963
JH1,227,3,070,-38.00439839999966
JH1,227,3,071,-37.89232184000017
JH1,227,3,072,-36.48896792000002
JH1,227,3,073,-34.58762832000002
JH1,227,3,074,-36.46806255999976
JH1,227,3,075,-34.83701920000024
JH1,227,3,076,-33.24363103999964
JH1,227,3,077,-35.44448495999981
JH1,227,3,078,-39.75706367999987
JH1,227,3,079,-35.70306136000004
JH1,227,3,080,-35.45742240000016
JH1,227,3,081,-36.19085848000028
JH1,227,3,082,-34.31093543999984
JH1,227,3,083,-35.64102208000011
JH1,227,3,084,-33.60967512000005
JH1,227,3,085,-32.79079951999973
JH1,227,3,086,-37.27611383999965
JH1,227,3,087,-35.91174511999982
JH1,227,3,088,-34.69766519999969
JH1,227,3,089,-38.34132135999965
JH1,227,3,090,-35.981726719999926
JH1,227,3,091,-35.25208367999993
JH1,227,3,092,-32.629143360000285
JH1,227,3,093,-33.321269760000504
JH1,227,3,094,-33.499413280000326
JH1,227,3,095,-34.395685599999936
JH1,227,3,096,-31.196791680000388
JH1,227,3,097,-37.9078191199998
JH1,227,3,098,-33.48877503999977
JH1,227,3,099,-32.256319919999896
JH1,299,1,000,-6.991284080000334
JH1,299,1,001,-8.625845200000715
JH1,299,1,002,-11.083584640000524
JH1,299,1,003,-13.521922800000377
JH1,299,1,004,-9.564553439999804
JH1,299,1,005,-9.331642639999533
JH1,299,1,006,-5.439943999999661
JH1,299,1,007,-13.784106159999716
JH1,299,1,008,-14.651576720000435
JH1,299,1,009,-12.352568400000044
JH1,299,1,010,-6.822620000000413
JH1,299,1,011,-11.373010400000105
JH1,299,1,012,-12.985633520000343
JH1,299,1,013,-5.785977279999873
JH1,299,1,014,-5.106327600000075
JH1,299,1,015,-12.593222799999719
JH1,299,1,016,-11.094103280000528
JH1,299,1,017,-8.147790560000075
JH1,299,1,018,-14.362056399999862
JH1,299,1,019,-15.8377292799996
JH1,299,1,020,-9.75898752000016
JH1,299,1,021,-9.179093200000054
JH1,299,1,022,-17.73687296000047
JH1,299,1,023,-8.926004559999859
JH1,299,1,024,-13.48468063999966
JH1,299,1,025,-13.118202080000028
JH1,299,1,026,-6.301887759999741
JH1,299,1,027,-12.575649680000138
JH1,299,1,028,-17.622202320000103
JH1,299,1,029,-6.452750559999757
JH1,299,1,030,-10.416163359999906
JH1,299,1,031,0.16901655999979148
JH1,299,1,032,-7.051525519999941
JH1,299,1,033,-2.1320978400002066
JH1,299,1,034,-8.919371680000108
JH1,299,1,035,-3.8593661600001417
JH1,299,1,036,-6.775937839999831
JH1,299,1,037,-10.784198640000493
JH1,299,1,038,-6.233188480000179
JH1,299,1,039,-10.018537919999952
JH1,299,1,040,-9.587483040000212
JH1,299,1,041,-11.287927200000304
JH1,299,1,042,-4.512453279999727
JH1,299,1,043,-5.702666400000107
JH1,299,1,044,-9.713816319999669
JH1,299,1,045,-3.2653578400000267
JH1,299,1,046,-11.45238247999977
JH1,299,1,047,-8.399989360000067
JH1,299,1,048,-12.756824479999711
JH1,299,1,049,-7.769870480000267
JH1,299,1,050,-12.721311280000448
JH1,299,1,051,-4.3921205600004445
JH1,299,1,052,-8.613283919999587
JH1,299,1,053,-4.171125439999987
JH1,299,1,054,-9.268142000000662
JH1,299,1,055,-4.692452560000001
JH1,299,1,056,-4.555054640000337
JH1,299,1,057,-5.6106480000000944
JH1,299,1,058,-7.608698319999667
JH1,299,1,059,-4.828265679999931
JH1,299,1,060,-3.3800660000006637
JH1,299,1,061,-5.704815519999741
JH1,299,1,062,-14.040778160000267
JH1,299,1,063,-11.401274000000065
JH1,299,1,064,-10.39442191999973
JH1,299,1,065,-1.5000086400001154
JH1,299,1,066,-12.352476720000347
JH1,299,1,067,-6.283961360000017
JH1,299,1,068,-5.268476639999873
JH1,299,1,069,-14.81002736000003
JH1,299,1,070,-8.233915520000206
JH1,299,1,071,-0.40600048000017974
JH1,299,1,072,0.8664074399998736
JH1,299,1,073,-0.21006160000006702
JH1,299,1,074,-0.2399687999999882
JH1,299,1,075,-5.681813519999961
JH1,299,1,076,-3.7349088000000377
JH1,299,1,077,-1.4081607199997137
JH1,299,1,078,0.18972344000026276
JH1,299,1,079,-4.908714240000322
JH1,299,1,080,-6.791004639999866
JH1,299,1,081,-4.245210399999669
JH1,299,1,082,-9.091981279999482
JH1,299,1,083,-5.069706559999925
JH1,299,1,084,-4.2271052800001865
JH1,299,1,085,-3.2277415999999537
JH1,299,1,086,-1.955753119999851
JH1,299,1,087,-6.7814519999997245
JH1,299,1,088,-9.522031679999818
JH1,299,1,089,-10.533931999999833
JH1,299,1,090,-9.774280720000208
JH1,299,1,091,-5.540455279999927
JH1,299,1,092,-5.391802399999963
JH1,299,1,093,-9.015144080000217
JH1,299,1,094,-2.079755280000292
JH1,299,1,095,-8.336727920000248
JH1,299,1,096,-5.456404320000329
JH1,299,1,097,-6.76386984000026
JH1,299,1,098,-9.176335680000236
JH1,299,1,099,-2.485780799999885
JH1,299,2,000,-1.9105433599998882
JH1,299,2,001,-11.646617759999991
JH1,299,2,002,-8.377133359999704
JH1,299,2,003,-4.88413672000023
JH1,299,2,004,-12.201955759999889
JH1,299,2,005,-5.257085359999721
JH1,299,2,006,-8.915775760000145
JH1,299,2,007,-6.182954720000566
JH1,299,2,008,-7.862140159999953
JH1,299,2,009,-4.834636080000511
JH1,299,2,010,-8.809228639999713
JH1,299,2,011,-13.269092800000063
JH1,299,2,012,-10.335455279999914
JH1,299,2,013,-4.142114160000172
JH1,299,2,014,-4.518011679999871
JH1,299,2,015,-3.3547889600002705
JH1,299,2,016,-7.198557040000031
JH1,299,2,017,-10.108586959999917
JH1,299,2,018,-9.712966559999895
JH1,299,2,019,-9.657388639999956
JH1,299,2,020,-6.158030640000161
JH1,299,2,021,-3.3531748000000285
JH1,299,2,022,-5.002144239999625
JH1,299,2,023,-9.774097440000284
JH1,299,2,024,-7.889174400000074
JH1,299,2,025,-7.564404159999914
JH1,299,2,026,-5.547726239999437
JH1,299,2,027,-9.891729679999997
JH1,299,2,028,-4.463532000000157
JH1,299,2,029,-4.53179352000009
JH1,299,2,030,-6.388015840000191
JH1,299,2,031,-8.66232488
JH1,299,2,032,-10.911528480000445
JH1,299,2,033,-8.862083039999876
JH1,299,2,034,-5.185395360000024
JH1,299,2,035,-10.048048959999933
JH1,299,2,036,-4.632196160000397
JH1,299,2,037,-0.226925440000028
JH1,299,2,038,-12.942071279999828
JH1,299,2,039,-8.475626479999907
JH1,299,2,040,-2.1540346400002863
JH1,299,2,041,-8.47579967999995
JH1,299,2,042,-8.165619120000574
JH1,299,2,043,-9.49079392000013
JH1,299,2,044,-7.807890640000256
JH1,299,2,045,-7.172679200000259
JH1,299,2,046,-7.787210000000119
JH1,299,2,047,-15.98218688000004
JH1,299,2,048,-6.968838159999921
JH1,299,2,049,-12.99964719999992
JH1,299,2,050,-15.951115519999908
JH1,299,2,051,-12.246565119999978
JH1,299,2,052,-14.297506480000562
JH1,299,2,053,-11.73712511999992
JH1,299,2,054,-9.60411191999963
JH1,299,2,055,-10.354000079999885
JH1,299,2,056,-10.645175199999695
JH1,299,2,057,-11.337851040000224
JH1,299,2,058,-12.6863216
JH1,299,2,059,-13.268754800000027
JH1,299,2,060,-4.480798559999487
JH1,299,2,061,-10.089570079999929
JH1,299,2,062,-14.20415959999994
JH1,299,2,063,-12.379355520000118
JH1,299,2,064,-15.05380215999968
JH1,299,2,065,-12.39656288000018
JH1,299,2,066,-13.228798799999485
JH1,299,2,067,-13.075338319999549
JH1,299,2,068,-15.02026192000012
JH1,299,2,069,-11.64230567999988
JH1,299,2,070,-18.80322816000001
JH1,299,2,071,-16.147196559999635
JH1,299,2,072,-12.94278895999997
JH1,299,2,073,-14.094728640000312
JH1,299,2,074,-7.65906272000011
JH1,299,2,075,-11.453094160000266
JH1,299,2,076,-8.953911920000046
JH1,299,2,078,-13.705018159999941
JH1,299,2,079,-12.833406720000104
JH1,299,2,080,-9.204560960000325
JH1,299,2,081,-10.594680239999523
JH1,299,2,082,-18.373362319999693
JH1,299,2,083,-14.24237144000044
JH1,299,2,084,-6.573673279999842
JH1,299,2,085,-11.378031360000207
JH1,299,2,086,-22.06751864000007
JH1,299,2,087,-21.425669920000168
JH1,299,2,088,-8.414662559999677
JH1,299,2,089,-12.430229600000043
JH1,299,2,090,-5.702467520000422
JH1,299,2,091,-10.567485439999732
JH1,299,2,092,-5.7589114400000625
JH1,299,2,094,-8.217394960000178
JH1,299,2,095,-5.920682319999953
JH1,299,2,096,-9.582305920000088
JH1,299,2,097,-9.619368559999968
JH1,299,2,098,-20.28936272000018
JH1,299,2,099,-14.984958079999975
JH1,299,3,000,-16.013332480000187
JH1,299,3,001,-16.054906960000007
JH1,299,3,002,-13.734730320000075
JH1,299,3,003,-19.643222960000493
JH1,299,3,004,-15.550687520000032
JH1,299,3,005,-20.36148407999938
JH1,299,3,006,-15.137634479999754
JH1,299,3,007,-21.155573919999796
JH1,299,3,008,-19.868751200000162
JH1,299,3,009,-21.236816720000082
JH1,299,3,010,-20.07733536000012
JH1,299,3,011,-18.448734719999802
JH1,299,3,012,-20.52103040000013
JH1,299,3,013,-21.641706079999988
JH1,299,3,014,-21.21239856000029
JH1,299,3,015,-21.104926399999876
JH1,299,3,016,-29.768924240000082
JH1,299,3,017,-28.68288263999993
JH1,299,3,018,-25.995763360000183
JH1,299,3,019,-26.83241416000028
JH1,299,3,020,-27.66760719999986
JH1,299,3,021,-22.90907111999986
JH1,299,3,022,-20.34316927999939
JH1,299,3,023,-22.401278960000337
JH1,299,3,024,-21.848073040000056
JH1,299,3,025,-26.0368968799997
JH1,299,3,026,-22.060996160000034
JH1,299,3,027,-21.165386159999798
JH1,299,3,028,-22.924049839999626
JH1,299,3,029,-22.698247759999877
JH1,299,3,030,-25.097434080000244
JH1,299,3,031,-25.201966399999748
JH1,299,3,032,-26.62863807999998
JH1,299,3,033,-24.714606079999925
JH1,299,3,034,-24.968631280000274
JH1,299,3,035,-19.728942000000124
JH1,299,3,036,-26.74431200000031
JH1,299,3,037,-21.914662719999882
JH1,299,3,038,-24.139596559999955
JH1,299,3,039,-20.74084240000022
JH1,299,3,040,-24.215574319999746
JH1,299,3,041,-19.22150024000014
JH1,299,3,042,-23.910252160000056
JH1,299,3,043,-25.5695447200003
JH1,299,3,044,-19.09098919999957
JH1,299,3,045,-19.56543592000054
JH1,299,3,046,-18.16679399999962
JH1,299,3,047,-23.349844559999937
JH1,299,3,048,-22.686427680000236
JH1,299,3,049,-20.17925823999996
JH1,299,3,050,-20.127073680000144
JH1,299,3,051,-24.278386479999515
JH1,299,3,052,-23.266620960000104
JH1,299,3,053,-25.058254639999845
JH1,299,3,054,-19.52746943999976
JH1,299,3,055,-20.425254320000228
JH1,299,3,056,-15.142694479999838
JH1,299,3,057,-22.559116080000372
JH1,299,3,058,-16.87807352000012
JH1,299,3,059,-19.767589999999487
JH1,299,3,060,-20.562888639999912
JH1,299,3,061,-21.72143416000011
JH1,299,3,062,-19.571297759999872
JH1,299,3,063,-22.998633999999498
JH1,299,3,064,-24.226057039999656
JH1,299,3,065,-26.173736720000043
JH1,299,3,066,-17.842515360000284
JH1,299,3,067,-19.95138848000017
JH1,299,3,068,-23.447698799999877
JH1,299,3,069,-20.589620880000407
JH1,299,3,070,-19.160399600000073
JH1,299,3,071,-21.04951088000028
JH1,299,3,072,-18.258407359999854
JH1,299,3,073,-13.025107919999938
JH1,299,3,075,-22.51179543999983
JH1,299,3,076,-21.46386600000017
JH1,299,3,077,-21.430587759999746
JH1,299,3,078,-21.558325839999956
JH1,299,3,079,-27.91481280000034
JH1,299,3,080,-26.58831560000025
JH1,299,3,081,-24.32141416000053
JH1,299,3,082,-20.441711200000057
JH1,299,3,083,-18.311369359999837
JH1,299,3,084,-26.33118720000053
JH1,299,3,085,-21.269841280000342
JH1,299,3,086,-23.72789103999969
JH1,299,3,087,-22.576291839999868
JH1,299,3,088,-27.691743440000202
JH1,299,3,090,-20.966551119999647
JH1,299,3,091,-19.707325919999406
JH1,299,3,092,-19.79305904000026
JH1,299,3,093,-20.335238239999676
JH1,299,3,094,-19.27188240000018
JH1,299,3,095,-16.954344719999654
JH1,299,3,096,-23.21877760000033
JH1,299,3,097,-27.86154159999979
JH1,299,3,098,-17.939309119999475
JH1,299,3,099,-21.084026880000103
JH2,227,1,000,-29.178309360000753
JH2,227,1,001,-26.01176463999998
JH2,227,1,002,-27.64102352000012
JH2,227,1,003,-25.696076640000175
JH2,227,1,004,-28.639731359999995
JH2,227,1,005,-32.16732503999988
JH2,227,1,006,-25.128872400000215
JH2,227,1,007,-31.57682839999982
JH2,227,1,008,-23.688035440000487
JH2,227,1,009,-28.9092956799999
JH2,227,1,010,-24.827148480000144
JH2,227,1,011,-27.722748080000507
JH2,227,1,012,-31.40997040000011
JH2,227,1,013,-19.970210879999787
JH2,227,1,014,-23.307079360000106
JH2,227,1,015,-31.091030879999654
JH2,227,1,016,-30.8806131199996
JH2,227,1,017,-25.073208800000028
JH2,227,1,018,-25.425243840000192
JH2,227,1,019,-27.540700480000012
JH2,227,1,020,-27.957863519999634
JH2,227,1,021,-30.272560559999828
JH2,227,1,022,-22.12950311999996
JH2,227,1,023,-29.938288480000043
JH2,227,1,024,-27.84054711999951
JH2,227,1,025,-32.24499416000021
JH2,227,1,026,-27.582531360000402
JH2,227,1,027,-25.78053351999973
JH2,227,1,028,-27.601202160000042
JH2,227,1,029,-29.611553680000124
JH2,227,1,030,-31.100066239999926
JH2,227,1,031,-29.505679919999928
JH2,227,1,032,-29.48108111999987
JH2,227,1,033,-27.32097776000021
JH2,227,1,034,-30.268930559999994
JH2,227,1,035,-26.405613840000292
JH2,227,1,036,-24.70129575999995
JH2,227,1,037,-28.28015911999995
JH2,227,1,038,-23.218400560000187
JH2,227,1,039,-25.50944672000037
JH2,227,1,040,-26.960359840000326
JH2,227,1,041,-24.108873600000194
JH2,227,1,042,-28.182098719999928
JH2,227,1,043,-31.22763696000021
JH2,227,1,044,-29.077012960000072
JH2,227,1,045,-28.874669519999955
JH2,227,1,046,-26.140351440000376
JH2,227,1,047,-25.789595920000203
JH2,227,1,048,-25.802028880000258
JH2,227,1,049,-30.03327543999985
JH2,227,1,050,-30.270921760000395
JH2,227,1,051,-25.78595423999964
JH2,227,1,052,-33.47468087999997
JH2,227,1,053,-22.558350800000316
JH2,227,1,054,-26.855992400000304
JH2,227,1,055,-24.021315920000276
JH2,227,1,056,-25.56650736000007
JH2,227,1,057,-23.119936879999837
JH2,227,1,058,-24.05714111999984
JH2,227,1,059,-25.190285039999964
JH2,227,1,060,-27.392368480000002
JH2,227,1,061,-22.4736689600004
JH2,227,1,062,-20.03358320000015
JH2,227,1,063,-33.553934560000386
JH2,227,1,064,-27.09320008000039
JH2,227,1,065,-26.920790400000392
JH2,227,1,066,-28.204879759999834
JH2,227,1,067,-24.03323136000017
JH2,227,1,068,-26.25651295999981
JH2,227,1,069,-29.557119279999718
JH2,227,1,070,-23.895398799999686
JH2,227,1,071,-24.883209759999886
JH2,227,1,072,-27.40452544000038
JH2,227,1,073,-27.799288799999715
JH2,227,1,074,-25.878604959999496
JH2,227,1,075,-23.4924277600001
JH2,227,1,076,-27.852590640000486
JH2,227,1,077,-32.55801047999966
JH2,227,1,078,-25.037959040000395
JH2,227,1,079,-21.004607999999855
JH2,227,1,080,-21.783097520000076
JH2,227,1,081,-17.705085680000327
JH2,227,1,082,-19.451121919999967
JH2,227,1,083,-20.744643119999907
JH2,227,1,084,-19.989643839999847
JH2,227,1,085,-30.265890559999832
JH2,227,1,086,-30.369863919999563
JH2,227,1,087,-26.07198791999994
JH2,227,1,088,-25.24970759999993
JH2,227,1,089,-28.437143920000253
JH2,227,1,090,-29.619494960000445
JH2,227,1,091,-29.581320160000388
JH2,227,1,092,-21.179269760000018
JH2,227,1,093,-22.747063200000422
JH2,227,1,094,-24.697220399999672
JH2,227,1,095,-20.48735151999993
JH2,227,1,096,-19.96839319999981
JH2,227,1,097,-23.097992879999936
JH2,227,1,098,-22.5082917599998
JH2,227,1,099,-22.844716400000237
JH2,227,2,000,-24.911715440000037
JH2,227,2,001,-27.412744399999884
JH2,227,2,002,-26.126093040000008
JH2,227,2,003,-30.602257120000097
JH2,227,2,004,-25.861975039999756
JH2,227,2,005,-27.345012720000057
JH2,227,2,006,-27.66848176000014
JH2,227,2,007,-30.44024328000011
JH2,227,2,008,-25.927244560000126
JH2,227,2,009,-25.457020079999833
JH2,227,2,010,-30.104785760000247
JH2,227,2,011,-23.78070159999996
JH2,227,2,012,-29.04583520000032
JH2,227,2,013,-25.899644479999854
JH2,227,2,014,-23.173336800000214
JH2,227,2,015,-25.777081759999692
JH2,227,2,016,-26.964205439999887
JH2,227,2,017,-27.868085600000338
JH2,227,2,018,-24.44755208000013
JH2,227,2,019,-28.465412159999985
JH2,227,2,020,-17.700994959999896
JH2,227,2,021,-24.873490959999618
JH2,227,2,022,-26.611032320000092
JH2,227,2,023,-25.341249919999484
JH2,227,2,024,-30.094819919999896
JH2,227,2,025,-24.32985711999975
JH2,227,2,026,-27.718682960000084
JH2,227,2,027,-25.63789464000046
JH2,227,2,028,-30.853975119999827
JH2,227,2,029,-29.661117519999703
JH2,227,2,030,-26.160597840000033
JH2,227,2,031,-25.138233760000194
JH2,227,2,032,-29.26948999999984
JH2,227,2,033,-27.06507127999976
JH2,227,2,034,-28.564263200000298
JH2,227,2,035,-26.38131607999988
JH2,227,2,036,-23.152032400000294
JH2,227,2,037,-23.725843680000413
JH2,227,2,038,-24.26538799999996
JH2,227,2,039,-25.538067680000058
JH2,227,2,040,-26.61191591999988
JH2,227,2,041,-22.719291439999786
JH2,227,2,042,-27.736053199999944
JH2,227,2,043,-24.71487183999993
JH2,227,2,044,-26.40962463999947
JH2,227,2,045,-24.910997440000454
JH2,227,2,046,-27.40202136000048
JH2,227,2,047,-28.600183280000515
JH2,227,2,048,-26.009056480000414
JH2,227,2,049,-31.16240207999998
JH2,227,2,050,-31.340040079999774
JH2,227,2,051,-25.646521519999794
JH2,227,2,052,-23.59788455999977
JH2,227,2,053,-25.206093040000546
JH2,227,2,054,-27.04338279999991
JH2,227,2,055,-24.11687720000004
JH2,227,2,056,-26.705882000000535
JH2,227,2,057,-25.642954239999817
JH2,227,2,058,-30.041473999999678
JH2,227,2,059,-23.821816319999872
JH2,227,2,060,-26.779616480000122
JH2,227,2,061,-22.956291599999794
JH2,227,2,062,-22.462216080000115
JH2,227,2,063,-30.599889200000153
JH2,227,2,064,-24.210081200000207
JH2,227,2,065,-20.43716623999976
JH2,227,2,066,-21.29953984000001
JH2,227,2,067,-26.56268279999989
JH2,227,2,068,-30.479055760000016
JH2,227,2,069,-21.602605519999734
JH2,227,2,070,-25.552093599999985
JH2,227,2,071,-25.655781439999988
JH2,227,2,072,-23.889805679999615
JH2,227,2,073,-30.434796159999742
JH2,227,2,074,-22.79949728000026
JH2,227,2,075,-27.514475440000133
JH2,227,2,076,-26.882268960000218
JH2,227,2,077,-20.93232679999995
JH2,227,2,078,-20.87325360000025
JH2,227,2,079,-23.51067159999979
JH2,227,2,080,-24.708564559999502
JH2,227,2,081,-23.901877440000195
JH2,227,2,082,-22.381347439999868
JH2,227,2,083,-28.634051999999873
JH2,227,2,084,-25.908230239999977
JH2,227,2,085,-24.814130159999742
JH2,227,2,086,-24.563036319999917
JH2,227,2,087,-22.981207519999685
JH2,227,2,088,-23.704702639999894
JH2,227,2,089,-30.44962615999978
JH2,227,2,090,-29.30292943999983
JH2,227,2,091,-26.105281439999594
JH2,227,2,092,-23.65608632000022
JH2,227,2,093,-25.86250504000019
JH2,227,2,094,-24.965871359999905
JH2,227,2,095,-24.201554239999812
JH2,227,2,096,-28.45163687999972
JH2,227,2,097,-29.74584199999991
JH2,227,2,098,-26.86391616000014
JH2,227,2,099,-23.710872799999876
JH2,227,3,000,-19.97820856000004
JH2,227,3,001,-24.51727783999988
JH2,227,3,002,-24.94124999999974
JH2,227,3,003,-25.014449920000203
JH2,227,3,004,-29.04086792000046
JH2,227,3,005,-27.168916880000054
JH2,227,3,006,-25.78254999999981
JH2,227,3,007,-27.3237495999998
JH2,227,3,008,-26.0859148799999
JH2,227,3,009,-21.38059911999994
JH2,227,3,010,-22.75976088000007
JH2,227,3,011,-25.283181600000066
JH2,227,3,012,-23.952334080000284
JH2,227,3,013,-26.330102240000134
JH2,227,3,014,-23.053333120000666
JH2,227,3,015,-23.949377680000204
JH2,227,3,016,-25.6795944800004
JH2,227,3,017,-24.002632319999734
JH2,227,3,018,-23.13467488000014
JH2,227,3,019,-21.487482960000047
JH2,227,3,020,-26.386663359999872
JH2,227,3,021,-24.534451040000434
JH2,227,3,022,-26.43192464000044
JH2,227,3,023,-27.931187040000477
JH2,227,3,024,-25.000556160000325
JH2,227,3,025,-26.93945327999977
JH2,227,3,026,-25.391601520000076
JH2,227,3,027,-26.286019280000254
JH2,227,3,028,-24.878337600000286
JH2,227,3,029,-22.784860080000062
JH2,227,3,030,-26.54566623999949
JH2,227,3,031,-23.246967679999983
JH2,227,3,032,-25.326218960000386
JH2,227,3,033,-21.990474719999803
JH2,227,3,034,-24.22260632000024
JH2,227,3,035,-23.246877999999967
JH2,227,3,036,-27.138835199999903
JH2,227,3,037,-24.102550639999993
JH2,227,3,038,-23.24854847999977
JH2,227,3,039,-22.967914560000253
JH2,227,3,040,-24.207300239999537
JH2,227,3,041,-23.56973328000032
JH2,227,3,042,-21.48020095999998
JH2,227,3,043,-27.161268479999528
JH2,227,3,044,-24.94662655999963
JH2,227,3,045,-21.191353279999944
JH2,227,3,046,-26.860549520000127
JH2,227,3,047,-23.586276959999637
JH2,227,3,048,-28.354175520000165
JH2,227,3,049,-23.862536000000397
JH2,227,3,050,-23.629485199999884
JH2,227,3,051,-22.07351072000023
JH2,227,3,052,-24.117154800000513
JH2,227,3,053,-24.456052559999673
JH2,227,3,054,-25.837721839999965
JH2,227,3,055,-21.567750240000365
JH2,227,3,056,-25.175372640000422
JH2,227,3,057,-27.46438368000019
JH2,227,3,058,-21.84990944000056
JH2,227,3,059,-23.966166959999562
JH2,227,3,060,-24.21056416000019
JH2,227,3,061,-24.34391703999987
JH2,227,3,062,-23.348506320000297
JH2,227,3,063,-23.032703360000234
JH2,227,3,064,-23.76118055999977
JH2,227,3,065,-26.00997743999976
JH2,227,3,066,-23.973624159999634
JH2,227,3,067,-23.087461279999893
JH2,227,3,068,-18.063294479999602
JH2,227,3,069,-22.48576607999983
JH2,227,3,070,-20.786101520000102
JH2,227,3,071,-24.656790960000198
JH2,227,3,072,-22.682847760000076
JH2,227,3,073,-21.889366480000167
JH2,227,3,074,-23.83365944000006
JH2,227,3,075,-25.315379839999668
JH2,227,3,076,-21.5111321599999
JH2,227,3,077,-23.684836079999865
JH2,227,3,078,-23.798995440000457
JH2,227,3,079,-19.67104000000041
JH2,227,3,080,-26.29786743999995
JH2,227,3,081,-23.355879600000105
JH2,227,3,082,-30.661810080000315
JH2,227,3,083,-21.68347992000027
JH2,227,3,084,-24.949907600000166
JH2,227,3,085,-23.55255640000005
JH2,227,3,086,-23.002345039999913
JH2,227,3,087,-23.16337023999974
JH2,227,3,088,-27.349852479999555
JH2,227,3,089,-25.165308639999974
JH2,227,3,090,-21.480429919999796
JH2,227,3,091,-24.38653239999995
JH2,227,3,092,-23.247513760000054
JH2,227,3,093,-21.121132959999706
JH2,227,3,094,-23.020617359999907
JH2,227,3,095,-23.972732959999583
JH2,227,3,096,-22.83844552000035
JH2,227,3,097,-24.24088319999972
JH2,227,3,098,-25.818292000000103
JH2,227,3,099,-24.29037415999965
JH2,253,1,000,-26.745683119999715
JH2,253,1,001,-21.102348399999748
JH2,253,1,002,-24.548110399999743
JH2,253,1,003,-22.651543999999756
JH2,253,1,004,-22.90419767999978
JH2,253,1,005,-24.077527680000017
JH2,253,1,006,-24.30444016000015
JH2,253,1,007,-20.360024240000044
JH2,253,1,008,-21.98647336000025
JH2,253,1,009,-19.467613679999886
JH2,253,1,010,-17.426209519999766
JH2,253,1,011,-19.821300000000083
JH2,253,1,012,-19.485801599999785
JH2,253,1,013,-24.5026247999996
JH2,253,1,014,-19.457398880000326
JH2,253,1,015,-21.080240719999797
JH2,253,1,016,-21.492602720000225
JH2,253,1,017,-20.24397560000037
JH2,253,1,018,-20.28661343999972
JH2,253,1,019,-22.207292959999684
JH2,253,1,020,-19.313543279999728
JH2,253,1,021,-19.624968560000134
JH2,253,1,022,-17.93752728000011
JH2,253,1,023,-21.331351840000156
JH2,253,1,024,-22.995714719999732
JH2,253,1,025,-23.778075280000277
JH2,253,1,026,-22.52017696000018
JH2,253,1,027,-21.669285680000144
JH2,253,1,028,-21.769276000000097
JH2,253,1,029,-20.626602479999754
JH2,253,1,030,-23.052859519999743
JH2,253,1,031,-24.572515600000195
JH2,253,1,032,-24.88238207999994
JH2,253,1,033,-24.326739920000396
JH2,253,1,034,-18.801209600000043
JH2,253,1,035,-20.65728952000014
JH2,253,1,036,-20.497228079999992
JH2,253,1,037,-19.084900799999673
JH2,253,1,038,-22.41663784000042
JH2,253,1,039,-19.697105199999964
JH2,253,1,040,-14.928958639999717
JH2,253,1,041,-25.225691279999648
JH2,253,1,042,-22.29026727999971
JH2,253,1,043,-19.321417919999877
JH2,253,1,044,-14.519289439999916
JH2,253,1,045,-18.700081839999804
JH2,253,1,046,-17.83643887999972
JH2,253,1,047,-24.013240479999574
JH2,253,1,048,-17.04421463999994
JH2,253,1,049,-25.430398079999474
JH2,253,1,050,-22.82066463999963
JH2,253,1,051,-25.525484000000503
JH2,253,1,052,-28.016961359999822
JH2,253,1,053,-19.280122480000408
JH2,253,1,054,-23.370600240000126
JH2,253,1,055,-24.41016632
JH2,253,1,056,-28.090989680000092
JH2,253,1,057,-30.427951039999655
JH2,253,1,058,-29.418353840000005
JH2,253,1,059,-29.595850240000125
JH2,253,1,060,-24.58505672000029
JH2,253,1,061,-21.92638207999986
JH2,253,1,062,-15.617597279999396
JH2,253,1,063,-16.43814216000033
JH2,253,1,064,-16.21880808000063
JH2,253,1,065,-23.526362960000196
JH2,253,1,066,-22.758823359999877
JH2,253,1,067,-18.204649040000312
JH2,253,1,068,-24.407235120000614
JH2,253,1,069,-24.563221439999577
JH2,253,1,070,-22.05241728000011
JH2,253,1,071,-27.046872159999808
JH2,253,1,072,-22.025033040000388
JH2,253,1,073,-27.300451039999682
JH2,253,1,074,-22.598483759999862
JH2,253,1,075,-28.54944759999966
JH2,253,1,076,-25.918681840000136
JH2,253,1,077,-20.13839735999972
JH2,253,1,078,-19.453746079999906
JH2,253,1,079,-17.144986160000126
JH2,253,1,080,-13.40402855999994
JH2,253,1,081,-15.048395680000086
JH2,253,1,082,-15.257914160000063
JH2,253,1,083,-15.885012639999822
JH2,253,1,084,-14.122271519999899
JH2,253,1,085,-15.329325760000192
JH2,253,1,086,-14.547223679999885
JH2,253,1,087,-18.394381119999547
JH2,253,1,088,-18.19432039999998
JH2,253,1,089,-19.65061831999997
JH2,253,1,090,-21.50494711999989
JH2,253,1,091,-20.483710399999985
JH2,253,1,092,-19.8220866399998
JH2,253,1,093,-20.848481759999824
JH2,253,1,094,-23.03930720000005
JH2,253,1,095,-23.46560455999991
JH2,253,1,096,-22.570321759999445
JH2,253,1,097,-22.319175920000326
JH2,253,1,098,-23.468359840000012
JH2,253,1,099,-23.97572671999999
JH2,253,2,000,-26.718213519999708
JH2,253,2,001,-27.510863919999885
JH2,253,2,002,-30.085639199999964
JH2,253,2,003,-30.762370639999858
JH2,253,2,004,-28.474330320000345
JH2,253,2,005,-28.426503359999824
JH2,253,2,006,-27.652882159999628
JH2,253,2,007,-25.835969440000284
JH2,253,2,008,-29.533789760000186
JH2,253,2,009,-28.847415679999887
JH2,253,2,010,-22.801497039999862
JH2,253,2,011,-27.39815680000007
JH2,253,2,012,-22.40555248000012
JH2,253,2,013,-26.506553520000224
JH2,253,2,014,-26.25472759999996
JH2,253,2,015,-24.184360799999716
JH2,253,2,016,-28.229871039999807
JH2,253,2,017,-27.586085999999817
JH2,253,2,018,-33.65423175999983
JH2,253,2,019,-25.058142399999475
JH2,253,2,020,-26.250579519999786
JH2,253,2,021,-27.575045040000184
JH2,253,2,022,-30.34909367999993
JH2,253,2,023,-27.518546239999537
JH2,253,2,024,-26.929550159999724
JH2,253,2,025,-30.146747440000027
JH2,253,2,026,-27.85524399999996
JH2,253,2,027,-33.444173999999705
JH2,253,2,028,-32.36980407999968
JH2,253,2,029,-29.663726079999794
JH2,253,2,030,-28.511768480000036
JH2,253,2,031,-30.292321680000157
JH2,253,2,032,-28.978273679999425
JH2,253,2,033,-29.060176559999917
JH2,253,2,034,-32.46324952000017
JH2,253,2,035,-30.452002800000393
JH2,253,2,036,-32.007623040000055
JH2,253,2,037,-34.3282853599998
JH2,253,2,038,-33.84747119999983
JH2,253,2,039,-29.839182959999803
JH2,253,2,040,-31.346133520000063
JH2,253,2,041,-32.96725912000012
JH2,253,2,042,-29.985428720000385
JH2,253,2,043,-31.54953287999954
JH2,253,2,044,-30.576962639999735
JH2,253,2,045,-29.701777839999586
JH2,253,2,046,-30.85170383999995
JH2,253,2,047,-30.81930879999986
JH2,253,2,048,-25.844894399999724
JH2,253,2,049,-28.823437680000616
JH2,253,2,050,-29.237633520000244
JH2,253,2,051,-31.25096056000018
JH2,253,2,052,-29.061873280000142
JH2,253,2,053,-28.77895415999963
JH2,253,2,054,-26.94742375999986
JH2,253,2,055,-29.457697680000305
JH2,253,2,056,-28.623121280000035
JH2,253,2,057,-29.1038770400003
JH2,253,2,058,-27.34772456000023
JH2,253,2,059,-32.24296287999998
JH2,253,2,060,-35.62438183999982
JH2,253,2,061,-31.92867648000024
JH2,253,2,062,-30.638574159999685
JH2,253,2,063,-29.895935999999896
JH2,253,2,064,-28.542550399999868
JH2,253,2,065,-29.963363280000195
JH2,253,2,066,-29.11052375999973
JH2,253,2,067,-29.952480159999936
JH2,253,2,068,-27.66557679999994
JH2,253,2,069,-29.251226640000002
JH2,253,2,070,-26.574156079999856
JH2,253,2,071,-32.40926112000011
JH2,253,2,072,-28.22740351999992
JH2,253,2,073,-29.32238680000017
JH2,253,2,074,-28.97227359999948
JH2,253,2,075,-29.064713360000212
JH2,253,2,076,-29.422860480000132
JH2,253,2,077,-26.13397519999974
JH2,253,2,078,-29.63997224000009
JH2,253,2,079,-27.648102880000017
JH2,253,2,080,-27.01675231999966
JH2,253,2,081,-27.599641520000556
JH2,253,2,082,-31.228347999999848
JH2,253,2,083,-30.774143359999638
JH2,253,2,084,-30.323534960000003
JH2,253,2,085,-29.569162160000396
JH2,253,2,086,-32.88811696000058
JH2,253,2,087,-24.141095280000194
JH2,253,2,088,-33.12700951999981
JH2,253,2,089,-30.587005200000284
JH2,253,2,090,-29.750882080000082
JH2,253,2,091,-29.315563040000015
JH2,253,2,092,-28.466983119999437
JH2,253,2,093,-30.224957279999916
JH2,253,2,094,-32.96114336000028
JH2,253,2,095,-30.03402199999978
JH2,253,2,096,-33.8604512799998
JH2,253,2,097,-32.261157440000034
JH2,253,2,098,-30.28078455999976
JH2,253,2,099,-28.902115840000185
JH2,253,3,000,-22.23722680000013
JH2,253,3,001,-24.782256320000307
JH2,253,3,002,-24.330190160000285
JH2,253,3,003,-24.316369120000317
JH2,253,3,004,-26.738853119999927
JH2,253,3,005,-28.724728000000198
JH2,253,3,006,-27.18275279999973
JH2,253,3,007,-27.400680319999644
JH2,253,3,008,-24.597557520000038
JH2,253,3,009,-27.83879544000025
JH2,253,3,010,-32.6143344800002
JH2,253,3,011,-30.499019120000455
JH2,253,3,012,-30.255786960000258
JH2,253,3,013,-27.745272640000124
JH2,253,3,014,-26.926041439999846
JH2,253,3,015,-28.12716248000004
JH2,253,3,016,-27.955462480000314
JH2,253,3,017,-27.055804399999758
JH2,253,3,018,-24.040331200000434
JH2,253,3,019,-24.85508728000009
JH2,253,3,020,-26.95730400000039
JH2,253,3,021,-22.752428480000145
JH2,253,3,022,-25.589621520000225
JH2,253,3,023,-28.743493999999732
JH2,253,3,024,-27.564090880000208
JH2,253,3,025,-34.60217039999972
JH2,253,3,026,-36.38555983999955
JH2,253,3,027,-28.44431224000043
JH2,253,3,028,-25.57994343999995
JH2,253,3,029,-33.38376663999975
JH2,253,3,030,-25.115714160000227
JH2,253,3,031,-32.18346967999938
JH2,253,3,032,-31.955546959999843
JH2,253,3,033,-25.788956000000237
JH2,253,3,034,-31.53140287999996
JH2,253,3,035,-29.353472640000504
JH2,253,3,036,-29.223739920000163
JH2,253,3,037,-28.56382056000028
JH2,253,3,038,-30.697309760000028
JH2,253,3,039,-30.861466640000312
JH2,253,3,040,-26.285129839999627
JH2,253,3,041,-34.672517840000125
JH2,253,3,042,-31.10587639999985
JH2,253,3,043,-32.80648976000006
JH2,253,3,044,-26.977019839999805
JH2,253,3,045,-31.14560416000025
JH2,253,3,046,-31.32731752000022
JH2,253,3,047,-27.859656159999922
JH2,253,3,048,-32.14387464000001
JH2,253,3,049,-28.830600880000066
JH2,253,3,050,-27.597804080000152
JH2,253,3,051,-32.289487439999895
JH2,253,3,052,-30.764549920000164
JH2,253,3,053,-34.54950543999974
JH2,253,3,054,-35.87712207999984
JH2,253,3,055,-33.292334479999695
JH2,253,3,056,-36.77604999999964
JH2,253,3,057,-35.55290535999935
JH2,253,3,058,-36.62844296000055
JH2,253,3,059,-26.767612319999877
JH2,253,3,060,-29.470847199999916
JH2,253,3,061,-32.172928240000225
JH2,253,3,062,-31.540375039999955
JH2,253,3,063,-32.41754559999977
JH2,253,3,064,-29.561204399999852
JH2,253,3,065,-29.962648880000096
JH2,253,3,066,-31.976309359999906
JH2,253,3,067,-28.840925439999772
JH2,253,3,068,-31.334298719999573
JH2,253,3,069,-30.687653919999676
JH2,253,3,070,-29.29936639999992
JH2,253,3,071,-33.00823895999955
JH2,253,3,072,-31.251893920000533
JH2,253,3,073,-30.243225439999684
JH2,253,3,074,-30.337546959999926
JH2,253,3,075,-29.43881960000032
JH2,253,3,076,-29.286456959999963
JH2,253,3,077,-34.28619488000033
JH2,253,3,078,-29.780094319999456
JH2,253,3,079,-28.040160879999874
JH2,253,3,080,-32.26809384000024
JH2,253,3,081,-29.753181599999763
JH2,253,3,082,-30.120695839999595
JH2,253,3,083,-31.999473200000317
JH2,253,3,084,-32.68109863999989
JH2,253,3,085,-26.349959200000207
JH2,253,3,086,-29.524149279999968
JH2,253,3,087,-30.928301119999915
JH2,253,3,089,-35.20521088000029
JH2,253,3,090,-36.60763095999998
JH2,253,3,091,-25.272993200000045
JH2,253,3,092,-28.80838903999951
JH2,253,3,093,-35.15810975999999
JH2,253,3,094,-34.998040400000185
JH2,253,3,095,-30.063847199999515
JH2,253,3,096,-27.21582943999979
JH2,253,3,097,-26.68382728000029
JH2,253,3,098,-28.635986799999717
JH2,253,3,099,-30.09214983999989
JH2,306,1,000,-28.377131680000005
JH2,306,1,001,-31.546583599999845
JH2,306,1,002,-30.171864640000376
JH2,306,1,003,-33.878836479999926
JH2,306,1,004,-29.788482240000075
JH2,306,1,005,-30.68341648000015
JH2,306,1,006,-29.90409703999972
JH2,306,1,007,-28.928545360000044
JH2,306,1,008,-32.43580463999994
JH2,306,1,009,-27.392875679999943
JH2,306,1,010,-27.06422727999999
JH2,306,1,011,-30.195147599999743
JH2,306,1,012,-33.31862143999999
JH2,306,1,013,-32.459432399999805
JH2,306,1,014,-33.20900088000021
JH2,306,1,015,-32.16156895999989
JH2,306,1,016,-29.783763040000217
JH2,306,1,017,-32.93253616000029
JH2,306,1,018,-37.76746656000032
JH2,306,1,019,-35.39971056000021
JH2,306,1,020,-31.9399036800001
JH2,306,1,021,-31.84420328
JH2,306,1,022,-30.877022240000635
JH2,306,1,023,-34.56714048000012
JH2,306,1,024,-33.10065679999956
JH2,306,1,025,-31.678050559999804
JH2,306,1,026,-31.969691919999903
JH2,306,1,027,-33.32727456000023
JH2,306,1,028,-33.05494320000013
JH2,306,1,029,-33.09587848000021
JH2,306,1,030,-31.36653184000034
JH2,306,1,031,-29.218259279999785
JH2,306,1,032,-31.58923871999989
JH2,306,1,033,-33.60651720000017
JH2,306,1,034,-31.778797280000063
JH2,306,1,035,-32.82382935999955
JH2,306,1,036,-32.45995544000011
JH2,306,1,037,-31.288377040000118
JH2,306,1,038,-31.800613679999664
JH2,306,1,039,-30.368767120000115
JH2,306,1,040,-30.109562960000154
JH2,306,1,041,-26.66194599999984
JH2,306,1,042,-28.70383135999991
JH2,306,1,043,-30.791677440000164
JH2,306,1,044,-33.28293479999985
JH2,306,1,045,-31.860116880000373
JH2,306,1,046,-28.430120959999957
JH2,306,1,047,-31.15148063999995
JH2,306,1,048,-32.47680087999974
JH2,306,1,049,-26.31858487999991
JH2,306,1,050,-28.512923759999875
JH2,306,1,051,-29.55137183999979
JH2,306,1,052,-28.745615919999914
JH2,306,1,053,-27.52375295999991
JH2,306,1,054,-31.852576319999976
JH2,306,1,055,-28.870016399999898
JH2,306,1,056,-28.789036479999922
JH2,306,1,057,-33.39534256000012
JH2,306,1,058,-29.162791200000424
JH2,306,1,059,-28.198376799999654
JH2,306,1,060,-31.811802800000024
JH2,306,1,061,-30.917810959999898
JH2,306,1,062,-25.689392480000002
JH2,306,1,063,-27.635514639999947
JH2,306,1,064,-30.52832952000005
JH2,306,1,065,-31.621093199999834
JH2,306,1,066,-29.503925200000225
JH2,306,1,067,-33.36557735999969
JH2,306,1,068,-32.75097719999994
JH2,306,1,069,-27.66610247999986
JH2,306,1,070,-32.24647607999975
JH2,306,1,071,-31.31625696000006
JH2,306,1,072,-32.90655775999991
JH2,306,1,073,-28.679421280000394
JH2,306,1,074,-30.268057519999736
JH2,306,1,075,-31.19133199999986
JH2,306,1,076,-31.277005119999853
JH2,306,1,077,-26.99097959999998
JH2,306,1,078,-27.948565840000274
JH2,306,1,079,-28.967738240000397
JH2,306,1,080,-26.279945199999965
JH2,306,1,081,-31.346552319999418
JH2,306,1,082,-31.664980560000274
JH2,306,1,083,-31.65287359999946
JH2,306,1,084,-30.83680824000023
JH2,306,1,085,-30.60631176000011
JH2,306,1,086,-29.153325039999714
JH2,306,1,087,-29.569009279999978
JH2,306,1,088,-30.53639776000034
JH2,306,1,089,-29.631532160000297
JH2,306,1,090,-29.989303600000184
JH2,306,1,091,-29.142696720000476
JH2,306,1,092,-29.339966319999846
JH2,306,1,093,-30.40796503999969
JH2,306,1,094,-31.151379839999795
JH2,306,1,095,-33.095887520000105
JH2,306,1,096,-30.36900551999959
JH2,306,1,097,-35.4030531200003
JH2,306,1,098,-30.792874479999448
JH2,306,1,099,-30.65117680000013
JH2,306,2,000,-29.903570959999968
JH2,306,2,001,-28.222611840000205
JH2,306,2,002,-32.27687864000025
JH2,306,2,003,-33.84676176000033
JH2,306,2,004,-31.080498000000304
JH2,306,2,005,-33.90422712000015
JH2,306,2,006,-34.97712487999993
JH2,306,2,007,-34.02985247999983
JH2,306,2,008,-33.25983863999984
JH2,306,2,009,-34.221894879999795
JH2,306,2,010,-29.6964171199995
JH2,306,2,011,-32.50730832000049
JH2,306,2,012,-30.943360800000228
JH2,306,2,013,-32.05341559999983
JH2,306,2,014,-33.158596000000216
JH2,306,2,015,-32.25790855999989
JH2,306,2,016,-34.693901439999664
JH2,306,2,017,-30.527849040000312
JH2,306,2,018,-33.10321439999996
JH2,306,2,019,-31.243074079999374
JH2,306,2,020,-36.06144927999996
JH2,306,2,021,-28.912920640000515
JH2,306,2,022,-35.33708416000018
JH2,306,2,023,-31.296108320000187
JH2,306,2,024,-30.350469280000432
JH2,306,2,025,-33.26216655999981
JH2,306,2,026,-30.613326879999885
JH2,306,2,027,-32.061750320000606
JH2,306,2,028,-30.41238903999988
JH2,306,2,029,-32.94969088000005
JH2,306,2,030,-33.40915728000015
JH2,306,2,031,-29.80400079999997
JH2,306,2,032,-32.89896615999997
JH2,306,2,033,-33.096258959999446
JH2,306,2,034,-29.334160719999772
JH2,306,2,035,-32.98380720000007
JH2,306,2,036,-27.91070943999953
JH2,306,2,037,-34.573594799999825
JH2,306,2,038,-34.67749952000011
JH2,306,2,039,-34.31890079999975
JH2,306,2,040,-31.646051839999615
JH2,306,2,041,-34.63232111999995
JH2,306,2,042,-31.349156640000267
JH2,306,2,043,-33.995859840000115
JH2,306,2,044,-35.443139040000375
JH2,306,2,045,-32.411839360000094
JH2,306,2,046,-31.811242880000457
JH2,306,2,047,-32.255842720000096
JH2,306,2,048,-34.050390800000045
JH2,306,2,049,-36.11297663999988
JH2,306,2,050,-33.424533359999764
JH2,306,2,051,-35.41416695999964
JH2,306,2,052,-30.148755999999786
JH2,306,2,053,-30.5324812799998
JH2,306,2,054,-30.190521039999958
JH2,306,2,055,-28.39012704000003
JH2,306,2,056,-33.73754335999978
JH2,306,2,057,-33.27284824000018
JH2,306,2,058,-27.92602735999988
JH2,306,2,059,-26.42641016000055
JH2,306,2,060,-31.817867920000158
JH2,306,2,061,-31.585867920000105
JH2,306,2,062,-30.68662616000012
JH2,306,2,063,-30.25156184000079
JH2,306,2,064,-26.70070311999975
JH2,306,2,065,-34.46409296000026
JH2,306,2,066,-30.804630399999613
JH2,306,2,067,-33.00393344000039
JH2,306,2,068,-32.56227487999946
JH2,306,2,069,-31.020317920000156
JH2,306,2,070,-31.389385360000126
JH2,306,2,071,-30.642985119999857
JH2,306,2,072,-35.27939272000014
JH2,306,2,073,-30.060872720000464
JH2,306,2,074,-28.708784080000246
JH2,306,2,075,-26.81081416000021
JH2,306,2,076,-30.75345447999962
JH2,306,2,077,-31.581396959999974
JH2,306,2,078,-37.368799120000226
JH2,306,2,079,-31.05241984000027
JH2,306,2,080,-33.38085591999996
JH2,306,2,081,-31.12226344000036
JH2,306,2,082,-31.54798423999996
JH2,306,2,083,-35.6468330399995
JH2,306,2,084,-32.87489112000017
JH2,306,2,085,-31.435490880000323
JH2,306,2,086,-36.24365360000002
JH2,306,2,087,-34.49640719999998
JH2,306,2,088,-33.05794191999991
JH2,306,2,089,-31.624828239999797
JH2,306,2,090,-29.961054800000056
JH2,306,2,091,-32.59897896000001
JH2,306,2,092,-30.918636079999665
JH2,306,2,093,-34.11936832000047
JH2,306,2,094,-31.45042472000008
JH2,306,2,095,-33.91962919999949
JH2,306,2,096,-32.0909055999999
JH2,306,2,097,-34.10765656000008
JH2,306,2,098,-34.32193680000041
JH2,306,2,099,-29.106816319999893
JH2,306,3,000,-28.406650160000154
JH2,306,3,001,-28.154910320000123
JH2,306,3,002,-33.3390018400002
JH2,306,3,003,-28.35679608000003
JH2,306,3,004,-29.839415040000098
JH2,306,3,005,-31.969192479999904
JH2,306,3,006,-33.81930672000007
JH2,306,3,007,-30.1475928799997
JH2,306,3,008,-30.64824295999945
JH2,306,3,009,-32.907679039999984
JH2,306,3,010,-38.00839632000008
JH2,306,3,011,-33.6311255199996
JH2,306,3,012,-31.06324800000014
JH2,306,3,013,-33.475271039999804
JH2,306,3,014,-30.73859367999964
JH2,306,3,015,-32.43182975999974
JH2,306,3,016,-31.37366864000009
JH2,306,3,017,-29.606740559999615
JH2,306,3,018,-30.037676239999456
JH2,306,3,019,-30.89618592000004
JH2,306,3,020,-33.0460557599996
JH2,306,3,021,-33.31738152000028
JH2,306,3,022,-30.6189996800001
JH2,306,3,023,-31.908053359999826
JH2,306,3,024,-29.964651839999785
JH2,306,3,025,-33.43509176000022
JH2,306,3,026,-31.604689199999683
JH2,306,3,027,-31.066602319999713
JH2,306,3,028,-31.527695600000065
JH2,306,3,029,-34.37982344000039
JH2,306,3,030,-32.12397632000021
JH2,306,3,031,-22.245851600000126
JH2,306,3,032,-26.488062240000037
JH2,306,3,033,-27.74359983999947
JH2,306,3,034,-30.963540799999883
JH2,306,3,035,-28.797600959999386
JH2,306,3,036,-31.89503991999943
JH2,306,3,037,-33.15927943999965
JH2,306,3,038,-33.26630496000011
JH2,306,3,039,-33.4234412799999
JH2,306,3,040,-31.6339559200001
JH2,306,3,041,-28.231343999999552
JH2,306,3,042,-32.26316927999958
JH2,306,3,043,-33.43268783999943
JH2,306,3,044,-32.13367104000006
JH2,306,3,045,-30.042268639999964
JH2,306,3,046,-30.727851439999966
JH2,306,3,047,-34.28624215999976
JH2,306,3,048,-29.77075520000035
JH2,306,3,049,-29.749746640000208
JH2,306,3,050,-30.675132800000274
JH2,306,3,051,-32.10618111999989
JH2,306,3,052,-30.655448479999706
JH2,306,3,053,-32.85553280000009
JH2,306,3,054,-29.041669280000356
JH2,306,3,055,-29.21334320000038
JH2,306,3,056,-28.464455519999987
JH2,306,3,057,-31.372638720000243
JH2,306,3,058,-29.896680559999957
JH2,306,3,059,-29.709471359999885
JH2,306,3,060,-29.582842719999768
JH2,306,3,061,-31.99851280000015
JH2,306,3,062,-31.52400080000028
JH2,306,3,063,-28.10206560000004
JH2,306,3,064,-33.02222624000005
JH2,306,3,065,-30.54555927999984
JH2,306,3,066,-31.89833783999977
JH2,306,3,067,-34.52276872000029
JH2,306,3,068,-34.26056968000041
JH2,306,3,069,-32.399406559999726
JH2,306,3,070,-32.7414819200001
JH2,306,3,071,-34.507830720000044
JH2,306,3,072,-32.48054655999993
JH2,306,3,073,-35.40253911999993
JH2,306,3,074,-29.93665055999997
JH2,306,3,075,-30.585818639999527
JH2,306,3,076,-29.704639919999344
JH2,306,3,077,-33.93987688000024
JH2,306,3,078,-31.93727887999974
JH2,306,3,079,-31.607964800000303
JH2,306,3,080,-31.2304749600002
JH2,306,3,081,-32.17365047999985
JH2,306,3,082,-31.985913999999852
JH2,306,3,083,-35.27875968000005
JH2,306,3,084,-28.50085936000001
JH2,306,3,085,-31.090606
JH2,306,3,086,-34.15132199999987
JH2,306,3,087,-35.55922855999981
JH2,306,3,088,-31.45066040000046
JH2,306,3,090,-29.92303280000022
JH2,306,3,091,-29.932528400000113
JH2,306,3,092,-33.11453856000014
JH2,306,3,093,-30.798940960000024
JH2,306,3,094,-30.834934800000152
JH2,306,3,095,-28.641955199999757
JH2,306,3,096,-30.047425840000486
JH2,306,3,097,-30.339434479999717
JH2,306,3,098,-33.130289119999716
JH2,306,3,099,-31.31686999999989
